variable,IgG1,IgG2,IgG3,IgG4
FcgRI,4.623160175591604e6,401710.7384637523,2.142994962633795e7,1.1330068933375942e7
FcgRIIA-131H,1.0007161486519643e6,230252.14398652155,753924.2688272572,238209.5444751053
FcgRIIA-131R,636094.2453855249,449995.09729994234,1.1572112572769076e6,671595.236434448
FcgRIIB-232I,260309.6346818446,80980.59904375412,218884.4864861677,91466.63472739526
FcgRIIIA-158F,621028.867791766,91978.95718379048,1.222926834773766e6,159191.87146033757
FcgRIIIA-158V,463997.62884937355,125870.92343302719,497870.68367864063,218689.0906008558
